ID,time,P,type
16_1,0.5,1455964.4,observed
16_1,0.535960648,1071083.13,observed
16_1,7.345914352,8925730.0,observed
16_1,10.27428241,15126952.32,observed
16_1,12.46107639,18407511.2,observed
16_1,17.4690162,12716157.45,observed
16_1,21.33849537,14354198.4,observed
16_1,24.46440972,17728341.24,observed
16_1,28.21945602,14921046.19,observed
16_1,34.52978009,22361924.11,observed
16_1,39.5456713,16307833.2,observed
16_1,42.21177083,26579024.64,observed
16_1,42.21177083,26579024.64,observed
16_1,0.0,1455964.4,simulated
16_1,1.0,1981529.3120862357,simulated
16_1,2.0,2668517.369494144,simulated
16_1,3.0,3545067.4664800633,simulated
16_1,4.0,4629636.338208637,simulated
16_1,5.0,5921694.92246396,simulated
16_1,6.0,7393240.452168433,simulated
16_1,7.0,8985765.62565448,simulated
16_1,8.0,10616735.876530267,simulated
16_1,9.0,12195403.394800076,simulated
16_1,10.0,13642126.014451701,simulated
16_1,11.0,14902983.072924932,simulated
16_1,12.0,15954640.68351559,simulated
16_1,13.0,16800148.92014334,simulated
16_1,14.0,17460051.601334736,simulated
16_1,15.0,17963269.03547732,simulated
16_1,16.0,18340249.597501077,simulated
16_1,17.0,18618920.477106243,simulated
16_1,18.0,18822895.19453317,simulated
16_1,19.0,18971119.133909125,simulated
16_1,20.0,19078264.732978947,simulated
16_1,21.0,19155421.967545994,simulated
16_1,22.0,19210831.887347125,simulated
16_1,23.0,19250545.771634262,simulated
16_1,24.0,19278969.663785666,simulated
16_1,25.0,19299292.552147437,simulated
16_1,26.0,19313812.77116491,simulated
16_1,27.0,19324181.760440428,simulated
16_1,28.0,19331583.595454242,simulated
16_1,29.0,19336865.954665072,simulated
16_1,30.0,19340635.029606856,simulated
16_1,31.0,19343323.983560618,simulated
16_1,32.0,19345242.168037217,simulated
16_1,33.0,19346610.425109327,simulated
16_1,34.0,19347586.366510637,simulated
16_1,35.0,19348282.455987647,simulated
16_1,36.0,19348778.929969985,simulated
16_1,37.0,19349133.02390215,simulated
16_1,38.0,19349385.566590585,simulated
16_1,39.0,19349565.681015927,simulated
16_1,40.0,19349694.13818263,simulated
16_1,41.0,19349785.753102597,simulated
16_1,42.0,19349851.092270605,simulated
16_1,43.0,19349897.691570118,simulated
16_2,0.5,1455964.4,observed
16_2,7.34724537,4732980.8,observed
16_2,10.27548611,13774704.3,observed
16_2,12.4621412,19914241.1,observed
16_2,17.46731481,9982234.22,observed
16_2,21.34109954,12063899.21,observed
16_2,24.46554398,18367008.4,observed
16_2,28.21291667,12955204.38,observed
16_2,34.53077546,17813314.48,observed
16_2,39.54689815,13361790.33,observed
16_2,42.21318287,28353658.41,observed
16_2,42.21318287,28353658.41,observed
16_2,0.0,1455964.4,simulated
16_2,1.0,1911540.1613939677,simulated
16_2,2.0,2488770.029500602,simulated
16_2,3.0,3206478.0869294936,simulated
16_2,4.0,4078219.874710357,simulated
16_2,5.0,5107466.018344583,simulated
16_2,6.0,6282782.431461377,simulated
16_2,7.0,7574822.389234617,simulated
16_2,8.0,8937133.648030488,simulated
16_2,9.0,10311782.642635556,simulated
16_2,10.0,11638728.789923703,simulated
16_2,11.0,12865927.294760503,simulated
16_2,12.0,13956732.486306712,simulated
16_2,13.0,14892637.769716447,simulated
16_2,14.0,15671598.603529507,simulated
16_2,15.0,16303696.36099476,simulated
16_2,16.0,16806146.862762656,simulated
16_2,17.0,17199031.80268745,simulated
16_2,18.0,17502313.964224566,simulated
16_2,19.0,17734110.231719263,simulated
16_2,20.0,17909926.452245872,simulated
16_2,21.0,18042513.391070243,simulated
16_2,22.0,18142064.89617914,simulated
16_2,23.0,18216567.511276707,simulated
16_2,24.0,18272187.32319562,simulated
16_2,25.0,18313634.187546235,simulated
16_2,26.0,18344477.474218134,simulated
16_2,27.0,18367406.63381899,simulated
16_2,28.0,18384439.486193746,simulated
16_2,29.0,18397085.18184639,simulated
16_2,30.0,18406469.808556944,simulated
16_2,31.0,18413432.17518023,simulated
16_2,32.0,18418596.304329198,simulated
16_2,33.0,18422425.992099974,simulated
16_2,34.0,18425265.707129546,simulated
16_2,35.0,18427371.160067867,simulated
16_2,36.0,18428932.099677067,simulated
16_2,37.0,18430089.288902745,simulated
16_2,38.0,18430947.127916813,simulated
16_2,39.0,18431583.03779636,simulated
16_2,40.0,18432054.423933152,simulated
16_2,41.0,18432403.845458716,simulated
16_2,42.0,18432662.856346637,simulated
16_2,43.0,18432854.847856805,simulated
16_3,0.5,1455964.4,observed
16_3,7.348298611,8360818.0,observed
16_3,10.27664352,13564923.05,observed
16_3,12.46327546,21323064.94,observed
16_3,17.46559028,13850044.04,observed
16_3,21.344375,12981147.84,observed
16_3,24.46657407,20464654.99,observed
16_3,28.21805556,15243884.5,observed
16_3,34.53179398,20579562.32,observed
16_3,39.5531713,11484075.75,observed
16_3,42.21792824,20324386.16,observed
16_3,42.21792824,20324386.16,observed
16_3,0.0,1455964.4,simulated
16_3,1.0,2046027.1238047755,simulated
16_3,2.0,2832723.154384118,simulated
16_3,3.0,3846101.803096994,simulated
16_3,4.0,5095153.032035855,simulated
16_3,5.0,6553617.983655757,simulated
16_3,6.0,8152814.012158156,simulated
16_3,7.0,9789821.922747348,simulated
16_3,8.0,11351751.813688966,simulated
16_3,9.0,12745192.710897885,simulated
16_3,10.0,13915735.311684972,simulated
16_3,11.0,14850350.695064174,simulated
16_3,12.0,15566793.162926225,simulated
16_3,13.0,16099023.413816705,simulated
16_3,14.0,16485258.35612368,simulated
16_3,15.0,16760809.627769584,simulated
16_3,16.0,16955014.548929233,simulated
16_3,17.0,17090714.86598415,simulated
16_3,18.0,17184966.0413727,simulated
16_3,19.0,17250155.137298785,simulated
16_3,20.0,17295112.941010777,simulated
16_3,21.0,17326056.280962806,simulated
16_3,22.0,17347324.529005628,simulated
16_3,23.0,17361928.984761138,simulated
16_3,24.0,17371951.041698784,simulated
16_3,25.0,17378825.440118328,simulated
16_3,26.0,17383539.333205126,simulated
16_3,27.0,17386771.052721087,simulated
16_3,28.0,17388986.314897172,simulated
16_3,29.0,17390504.671051938,simulated
16_3,30.0,17391545.294728242,simulated
16_3,31.0,17392258.464073166,simulated
16_3,32.0,17392747.204022665,simulated
16_3,33.0,17393082.13436422,simulated
16_3,34.0,17393311.65529643,simulated
16_3,35.0,17393468.94059593,simulated
16_3,36.0,17393576.723166116,simulated
16_3,37.0,17393650.583214257,simulated
16_3,38.0,17393701.19723775,simulated
16_3,39.0,17393735.879347056,simulated
16_3,40.0,17393759.64641964,simulated
16_3,41.0,17393775.93359206,simulated
16_3,42.0,17393787.094540287,simulated
16_3,43.0,17393794.742430102,simulated
16_4,0.5,1455964.4,observed
16_4,7.349351852,7727602.1,observed
16_4,10.28069444,14794524.6,observed
16_4,12.46439815,19878934.46,observed
16_4,17.46391204,14478956.1,observed
16_4,21.34701389,17260842.28,observed
16_4,24.46765046,16815459.07,observed
16_4,28.21662037,12872077.25,observed
16_4,34.53474537,23859478.67,observed
16_4,39.55420139,15875658.83,observed
16_4,42.22229167,15993933.24,observed
16_4,42.22229167,15993933.24,observed
16_4,0.0,1455964.4,simulated
16_4,1.0,2050631.2754489803,simulated
16_4,2.0,2843965.0675728074,simulated
16_4,3.0,3865274.751694937,simulated
16_4,4.0,5121390.982622489,simulated
16_4,5.0,6582354.7387363305,simulated
16_4,6.0,8175131.729969542,simulated
16_4,7.0,9793691.83147759,simulated
16_4,8.0,11325074.985915074,simulated
16_4,9.0,12679127.488356672,simulated
16_4,10.0,13806554.472263828,simulated
16_4,11.0,14699249.053451138,simulated
16_4,12.0,15378352.770615658,simulated
16_4,13.0,15879406.072157048,simulated
16_4,14.0,16240807.992085367,simulated
16_4,15.0,16497242.384431327,simulated
16_4,16.0,16677087.04516604,simulated
16_4,17.0,16802188.02817012,simulated
16_4,18.0,16888713.862953108,simulated
16_4,19.0,16948323.35185776,simulated
16_4,20.0,16989277.92644966,simulated
16_4,21.0,17017363.069159113,simulated
16_4,22.0,17036598.1178131,simulated
16_4,23.0,17049760.30283441,simulated
16_4,24.0,17058761.52153091,simulated
16_4,25.0,17064914.64833125,simulated
16_4,26.0,17069119.669649508,simulated
16_4,27.0,17071992.81116192,simulated
16_4,28.0,17073955.66861513,simulated
16_4,29.0,17075296.52269811,simulated
16_4,30.0,17076212.421375003,simulated
16_4,31.0,17076838.020201664,simulated
16_4,32.0,17077265.31960105,simulated
16_4,33.0,17077557.168439727,simulated
16_4,34.0,17077756.501333315,simulated
16_4,35.0,17077892.644703027,simulated
16_4,36.0,17077985.629073005,simulated
16_4,37.0,17078049.136247315,simulated
16_4,38.0,17078092.51067349,simulated
16_4,39.0,17078122.135031372,simulated
16_4,40.0,17078142.367116142,simulated
16_4,41.0,17078156.184475273,simulated
16_4,42.0,17078165.622976992,simulated
16_4,43.0,17078172.069417577,simulated
16_5,0.5,1455964.4,observed
16_5,0.537638889,844764.64,observed
16_5,7.350497685,8051125.3,observed
16_5,10.27893519,14750342.25,observed
16_5,12.46577546,16299915.84,observed
16_5,17.46217593,15567732.4,observed
16_5,21.3496875,13897780.96,observed
16_5,24.46880787,18391776.04,observed
16_5,28.22046296,15120346.96,observed
16_5,34.53371528,21841858.64,observed
16_5,39.5553125,13603812.94,observed
16_5,42.22090278,13867650.5,observed
16_5,42.22090278,13867650.5,observed
16_5,0.0,1455964.4,simulated
16_5,1.0,2044052.540771289,simulated
16_5,2.0,2823579.0572533794,simulated
16_5,3.0,3819065.0651051453,simulated
16_5,4.0,5031549.678664525,simulated
16_5,5.0,6425984.080007844,simulated
16_5,6.0,7927678.716343459,simulated
16_5,7.0,9434658.54651148,simulated
16_5,8.0,10843529.94619065,simulated
16_5,9.0,12076098.476415774,simulated
16_5,10.0,13093355.275595736,simulated
16_5,11.0,13893277.807066571,simulated
16_5,12.0,14498710.138052383,simulated
16_5,13.0,14943814.271308644,simulated
16_5,14.0,15264103.879972817,simulated
16_5,15.0,15491038.73739479,simulated
16_5,16.0,15650071.089581743,simulated
16_5,17.0,15760661.797753159,simulated
16_5,18.0,15837154.275134267,simulated
16_5,19.0,15889865.577369912,simulated
16_5,20.0,15926096.150305381,simulated
16_5,21.0,15950955.010435088,simulated
16_5,22.0,15967990.751272589,simulated
16_5,23.0,15979655.651991725,simulated
16_5,24.0,15987638.436142305,simulated
16_5,25.0,15993099.267560445,simulated
16_5,26.0,15996833.898102561,simulated
16_5,27.0,15999387.527545517,simulated
16_5,28.0,16001133.403755395,simulated
16_5,29.0,16002326.931133067,simulated
16_5,30.0,16003142.810347904,simulated
16_5,31.0,16003700.513492675,simulated
16_5,32.0,16004081.725439547,simulated
16_5,33.0,16004342.294739783,simulated
16_5,34.0,16004520.398824034,simulated
16_5,35.0,16004642.135402683,simulated
16_5,36.0,16004725.3435597,simulated
16_5,37.0,16004782.216883123,simulated
16_5,38.0,16004821.090134745,simulated
16_5,39.0,16004847.658640362,simulated
16_5,40.0,16004865.819575988,simulated
16_5,41.0,16004878.232699173,simulated
16_5,42.0,16004886.716879271,simulated
16_5,43.0,16004892.51595825,simulated
25_1,0.5,1455964.4,observed
25_1,0.540196759,486870.03,observed
25_1,3.449340278,6301390.45,observed
25_1,7.386203704,7268420.32,observed
25_1,10.32697917,4755104.18,observed
25_1,12.48533565,4281171.12,observed
25_1,17.49520833,6424587.0,observed
25_1,21.35138889,12168290.0,observed
25_1,24.47061343,14930498.1,observed
25_1,28.23430556,5508784.32,observed
25_1,34.5103588,12403732.11,observed
25_1,39.55642361,7246455.84,observed
25_1,42.22634259,8330880.36,observed
25_1,42.22634259,8330880.36,observed
25_1,0.0,1455964.4,simulated
25_1,1.0,1746265.9588819356,simulated
25_1,2.0,2079476.4568650704,simulated
25_1,3.0,2456113.236824338,simulated
25_1,4.0,2874521.5860463744,simulated
25_1,5.0,3330479.51556444,simulated
25_1,6.0,3817059.4107613363,simulated
25_1,7.0,4324849.797244173,simulated
25_1,8.0,4842573.200565222,simulated
25_1,9.0,5358037.469127786,simulated
25_1,10.0,5859260.774082633,simulated
25_1,11.0,6335556.082797705,simulated
25_1,12.0,6778373.855481226,simulated
25_1,13.0,7181776.006005503,simulated
25_1,14.0,7542516.595298882,simulated
25_1,15.0,7859794.933933282,simulated
25_1,16.0,8134797.631653013,simulated
25_1,17.0,8370153.601247825,simulated
25_1,18.0,8569402.092336448,simulated
25_1,19.0,8736536.929644557,simulated
25_1,20.0,8875654.799168158,simulated
25_1,21.0,8990709.29623283,simulated
25_1,22.0,9085357.255513426,simulated
25_1,23.0,9162877.516044492,simulated
25_1,24.0,9226141.916040694,simulated
25_1,25.0,9277620.925811583,simulated
25_1,26.0,9319410.17113889,simulated
25_1,27.0,9353267.861383265,simulated
25_1,28.0,9380656.357107108,simulated
25_1,29.0,9402783.59979456,simulated
25_1,30.0,9420641.920732373,simulated
25_1,31.0,9435042.969320673,simulated
25_1,32.0,9446648.296838954,simulated
25_1,33.0,9455995.610922534,simulated
25_1,34.0,9463520.981914239,simulated
25_1,35.0,9469577.420320958,simulated
25_1,36.0,9474450.288004277,simulated
25_1,37.0,9478369.996083701,simulated
25_1,38.0,9481522.414317876,simulated
25_1,39.0,9484057.369982468,simulated
25_1,40.0,9486095.565605901,simulated
25_1,41.0,9487734.193125505,simulated
25_1,42.0,9489051.483792193,simulated
25_1,43.0,9490110.38739094,simulated
25_2,0.5,1455964.4,observed
25_2,3.447511574,4425820.79,observed
25_2,7.3884375,4208789.64,observed
25_2,10.31900463,5001991.74,observed
25_2,12.48649306,3749635.26,observed
25_2,17.49712963,3305305.56,observed
25_2,21.3537963,9676703.16,observed
25_2,24.47203704,9942405.66,observed
25_2,28.23541667,7488462.3,observed
25_2,34.51135417,17759362.5,observed
25_2,39.5574537,6822876.0,observed
25_2,42.22428241,10226687.64,observed
25_2,42.22428241,10226687.64,observed
25_2,0.0,1455964.4,simulated
25_2,1.0,1631375.59810497,simulated
25_2,2.0,1823971.1008486347,simulated
25_2,3.0,2034478.2589981533,simulated
25_2,4.0,2263426.2860002443,simulated
25_2,5.0,2511093.405710016,simulated
25_2,6.0,2777454.3615903547,simulated
25_2,7.0,3062131.9138459843,simulated
25_2,8.0,3364356.6106641726,simulated
25_2,9.0,3682939.3610885344,simulated
25_2,10.0,4016261.2405219744,simulated
25_2,11.0,4362284.136500621,simulated
25_2,12.0,4718584.489039341,simulated
25_2,13.0,5082410.438334125,simulated
25_2,14.0,5450760.430383835,simulated
25_2,15.0,5820479.025363893,simulated
25_2,16.0,6188363.6717926,simulated
25_2,17.0,6551274.8893225035,simulated
25_2,18.0,6906241.89321588,simulated
25_2,19.0,7250556.24529293,simulated
25_2,20.0,7581847.538536557,simulated
25_2,21.0,7898137.20462483,simulated
25_2,22.0,8197868.818894219,simulated
25_2,23.0,8479915.528774848,simulated
25_2,24.0,8743567.092920944,simulated
25_2,25.0,8988500.314904599,simulated
25_2,26.0,9214737.318744227,simulated
25_2,27.0,9422596.21282692,simulated
25_2,28.0,9612638.340547912,simulated
25_2,29.0,9785615.63103182,simulated
25_2,30.0,9942420.758716598,simulated
25_2,31.0,10084041.998072173,simulated
25_2,32.0,10211523.8746066,simulated
25_2,33.0,10325934.086380633,simulated
25_2,34.0,10428336.67019722,simulated
25_2,35.0,10519771.043515569,simulated
25_2,36.0,10601236.332626125,simulated
25_2,37.0,10673680.28596501,simulated
25_2,38.0,10737992.037819125,simulated
25_2,39.0,10794998.009512808,simulated
25_2,40.0,10845460.292967279,simulated
25_2,41.0,10890076.938447118,simulated
25_2,42.0,10929483.650845429,simulated
25_2,43.0,10964256.483917853,simulated
25_3,0.5,1455964.4,observed
25_3,3.445740741,5136581.35,observed
25_3,7.390150463,5488819.2,observed
25_3,10.31673611,6234237.3,observed
25_3,12.48765046,5939178.0,observed
25_3,17.49885417,6123791.52,observed
25_3,21.35583333,7790355.19,observed
25_3,24.47363426,9990788.62,observed
25_3,28.23681713,13357207.77,observed
25_3,34.51237269,14809246.01,observed
25_3,42.22532407,7227729.6,observed
25_3,42.22532407,7227729.6,observed
25_3,0.0,1455964.4,simulated
25_3,1.0,1708615.005377217,simulated
25_3,2.0,1995079.4604223154,simulated
25_3,3.0,2316436.554912681,simulated
25_3,4.0,2672650.3959567947,simulated
25_3,5.0,3062304.962550771,simulated
25_3,6.0,3482410.6380826505,simulated
25_3,7.0,3928333.1219966165,simulated
25_3,8.0,4393886.129291296,simulated
25_3,9.0,4871606.764604191,simulated
25_3,10.0,5353199.080170579,simulated
25_3,11.0,5830095.360315102,simulated
25_3,12.0,6294057.116080504,simulated
25_3,13.0,6737728.018701179,simulated
25_3,14.0,7155062.888695068,simulated
25_3,15.0,7541585.424131656,simulated
25_3,16.0,7894463.706293255,simulated
25_3,17.0,8212425.29777819,simulated
25_3,18.0,8495554.530304193,simulated
25_3,19.0,8745022.715906488,simulated
25_3,20.0,8962797.69282271,simulated
25_3,21.0,9151368.30682397,simulated
25_3,22.0,9313506.21986145,simulated
25_3,23.0,9452075.40543594,simulated
25_3,24.0,9569890.618860116,simulated
25_3,25.0,9669620.332751676,simulated
25_3,26.0,9753726.735085273,simulated
25_3,27.0,9824434.702309428,simulated
25_3,28.0,9883721.65590363,simulated
25_3,29.0,9933322.265228104,simulated
25_3,30.0,9974742.176511385,simulated
25_3,31.0,10009277.084753057,simulated
25_3,32.0,10038034.260972833,simulated
25_3,33.0,10061954.572423799,simulated
25_3,34.0,10081833.760288188,simulated
25_3,35.0,10098342.249668483,simulated
25_3,36.0,10112043.104727153,simulated
25_3,37.0,10123407.996655922,simulated
25_3,38.0,10132831.191899389,simulated
25_3,39.0,10140641.674145652,simulated
25_3,40.0,10147113.555026673,simulated
25_3,41.0,10152474.951782878,simulated
25_3,42.0,10156915.516486317,simulated
25_3,43.0,10160592.792714603,simulated
25_4,0.5,1455964.4,observed
25_4,3.443900463,4429544.1,observed
25_4,7.391712963,6168792.3,observed
25_4,10.31496528,4865055.34,observed
25_4,12.48873843,7446745.6,observed
25_4,17.50105324,7341062.4,observed
25_4,21.35770833,10701644.88,observed
25_4,24.4749537,13863207.8,observed
25_4,28.23791667,13603893.0,observed
25_4,34.51337963,16947406.76,observed
25_4,39.56225694,6653977.95,observed
25_4,42.22740741,8095185.05,observed
25_4,42.22740741,8095185.05,observed
25_4,0.0,1455964.4,simulated
25_4,1.0,1747226.191612176,simulated
25_4,2.0,2084044.5360509772,simulated
25_4,3.0,2468489.1816596612,simulated
25_4,4.0,2900805.248114003,simulated
25_4,5.0,3378883.959690971,simulated
25_4,6.0,3897881.7044885587,simulated
25_4,7.0,4450110.385525316,simulated
25_4,8.0,5025295.8783674585,simulated
25_4,9.0,5611233.622426599,simulated
25_4,10.0,6194774.558322863,simulated
25_4,11.0,6762982.394528245,simulated
25_4,12.0,7304251.737755603,simulated
25_4,13.0,7809188.587444144,simulated
25_4,14.0,8271124.662961967,simulated
25_4,15.0,8686234.975483118,simulated
25_4,16.0,9053316.599230401,simulated
25_4,17.0,9373339.75721068,simulated
25_4,18.0,9648894.071546666,simulated
25_4,19.0,9883633.18612445,simulated
25_4,20.0,10081786.531047003,simulated
25_4,21.0,10247772.062361794,simulated
25_4,22.0,10385916.547529327,simulated
25_4,23.0,10500272.99958149,simulated
25_4,24.0,10594516.843628163,simulated
25_4,25.0,10671900.662774324,simulated
25_4,26.0,10735249.278075183,simulated
25_4,27.0,10786980.318533191,simulated
25_4,28.0,10829139.191306775,simulated
25_4,29.0,10863440.64152228,simulated
25_4,30.0,10891311.779612094,simulated
25_4,31.0,10913933.446326667,simulated
25_4,32.0,10932278.16523631,simulated
25_4,33.0,10947143.905849097,simulated
25_4,34.0,10959183.45012157,simulated
25_4,35.0,10968929.518274926,simulated
25_4,36.0,10976816.00561981,simulated
25_4,37.0,10983195.761603622,simulated
25_4,38.0,10988355.365402687,simulated
25_4,39.0,10992527.335205976,simulated
25_4,40.0,10995900.171308974,simulated
25_4,41.0,10998626.587307336,simulated
25_4,42.0,11000830.238155086,simulated
25_4,43.0,11002611.206011098,simulated
25_5,0.5,1455964.4,observed
25_5,0.541805556,1255985.75,observed
25_5,3.441701389,5343629.76,observed
25_5,7.393472222,8163741.63,observed
25_5,10.31322917,6303888.79,observed
25_5,12.48982639,8096752.41,observed
25_5,17.50267361,6564088.52,observed
25_5,21.3596875,8375279.48,observed
25_5,24.47599537,11106848.55,observed
25_5,28.23917824,14561420.01,observed
25_5,34.51457176,14572271.7,observed
25_5,39.56123843,5298092.72,observed
25_5,42.22863426,8584545.2,observed
25_5,42.22863426,8584545.2,observed
25_5,0.0,1455964.4,simulated
25_5,1.0,1937335.5399469123,simulated
25_5,2.0,2528285.5415697456,simulated
25_5,3.0,3223398.1431185296,simulated
25_5,4.0,4001079.1560242316,simulated
25_5,5.0,4823844.885154553,simulated
25_5,6.0,5644409.721643522,simulated
25_5,7.0,6415984.864450365,simulated
25_5,8.0,7102353.2704012385,simulated
25_5,9.0,7683445.8081036,simulated
25_5,10.0,8155150.655667913,simulated
25_5,11.0,8525159.531362094,simulated
25_5,12.0,8807671.321414094,simulated
25_5,13.0,9018964.788797747,simulated
25_5,14.0,9174563.391276889,simulated
25_5,15.0,9287844.969834827,simulated
25_5,16.0,9369633.387341956,simulated
25_5,17.0,9428329.168344775,simulated
25_5,18.0,9470270.476165107,simulated
25_5,19.0,9500147.193164226,simulated
25_5,20.0,9521382.857736751,simulated
25_5,21.0,9536453.015011245,simulated
25_5,22.0,9547135.842200259,simulated
25_5,23.0,9554702.633167459,simulated
25_5,24.0,9560059.298012365,simulated
25_5,25.0,9563849.875459913,simulated
25_5,26.0,9566531.478212189,simulated
25_5,27.0,9568428.17310481,simulated
25_5,28.0,9569769.515843749,simulated
25_5,29.0,9570718.019106397,simulated
25_5,30.0,9571388.688141497,simulated
25_5,31.0,9571862.880395839,simulated
25_5,32.0,9572198.144174553,simulated
25_5,33.0,9572435.17620721,simulated
25_5,34.0,9572602.755871424,simulated
25_5,35.0,9572721.231451254,simulated
25_5,36.0,9572804.990815878,simulated
25_5,37.0,9572864.20622057,simulated
25_5,38.0,9572906.06959094,simulated
25_5,39.0,9572935.665600365,simulated
25_5,40.0,9572956.589226626,simulated
25_5,41.0,9572971.380521558,simulated
25_5,42.0,9572981.837556297,simulated
25_5,43.0,9572989.230751691,simulated
32_1,0.5,1455964.4,observed
32_1,0.548773148,742761.63,observed
32_1,10.33221065,4574771.62,observed
32_1,13.0756713,3085057.8,observed
32_1,17.51204861,3112580.02,observed
32_1,21.37943287,4763184.1,observed
32_1,24.50034722,7383094.64,observed
32_1,28.32475694,1894356.08,observed
32_1,35.37934028,6099350.72,observed
32_1,39.56454861,3329810.04,observed
32_1,42.22953704,6775190.04,observed
32_1,42.22953704,6775190.04,observed
32_1,0.0,1455964.4,simulated
32_1,1.0,1588250.813054231,simulated
32_1,2.0,1727573.7121079857,simulated
32_1,3.0,1873443.534980447,simulated
32_1,4.0,2025226.8293622173,simulated
32_1,5.0,2182150.898283551,simulated
32_1,6.0,2343314.874552636,simulated
32_1,7.0,2507707.1645024656,simulated
32_1,8.0,2674228.848586166,simulated
32_1,9.0,2841721.976178064,simulated
32_1,10.0,3009001.2849968635,simulated
32_1,11.0,3174887.5450621704,simulated
32_1,12.0,3338240.539383188,simulated
32_1,13.0,3497989.7480817838,simulated
32_1,14.0,3653161.026006182,simulated
32_1,15.0,3802897.949444125,simulated
32_1,16.0,3946477.005919117,simulated
32_1,17.0,4083316.3163290014,simulated
32_1,18.0,4212978.0812094435,simulated
32_1,19.0,4335165.362276032,simulated
32_1,20.0,4449714.107933323,simulated
32_1,21.0,4556581.507438592,simulated
32_1,22.0,4655831.8111894,simulated
32_1,23.0,4747620.706069038,simulated
32_1,24.0,4832179.215692538,simulated
32_1,25.0,4909797.9131208295,simulated
32_1,26.0,4980812.064800402,simulated
32_1,27.0,5045588.122578009,simulated
32_1,28.0,5104511.821848742,simulated
32_1,29.0,5157977.998196718,simulated
32_1,30.0,5206382.124361993,simulated
32_1,31.0,5250113.487310987,simulated
32_1,32.0,5289549.873810497,simulated
32_1,33.0,5325053.591640648,simulated
32_1,34.0,5356968.650673866,simulated
32_1,35.0,5385618.920840393,simulated
32_1,36.0,5411307.094659619,simulated
32_1,37.0,5434314.296255409,simulated
32_1,38.0,5454900.196352594,simulated
32_1,39.0,5473303.512016672,simulated
32_1,40.0,5489742.788460933,simulated
32_1,41.0,5504417.37789867,simulated
32_1,42.0,5517508.546386329,simulated
32_1,43.0,5529180.653699925,simulated
32_2,0.5,1455964.4,observed
32_2,13.0972338,5342718.76,observed
32_2,17.5096875,3196147.41,observed
32_2,21.3806713,5594738.84,observed
32_2,24.49875,8516178.44,observed
32_2,28.32583333,1860933.83,observed
32_2,35.38086806,7695433.15,observed
32_2,39.56555556,4688682.76,observed
32_2,42.23056713,7452902.52,observed
32_2,42.23056713,7452902.52,observed
32_2,0.0,1455964.4,simulated
32_2,1.0,1605409.7133130322,simulated
32_2,2.0,1764902.5783555221,simulated
32_2,3.0,1934069.9171472972,simulated
32_2,4.0,2112326.6004799143,simulated
32_2,5.0,2298868.666616365,simulated
32_2,6.0,2492676.152658283,simulated
32_2,7.0,2692526.7173908055,simulated
32_2,8.0,2897020.475654902,simulated
32_2,9.0,3104615.443046752,simulated
32_2,10.0,3313671.974974703,simulated
32_2,11.0,3522503.645446606,simulated
32_2,12.0,3729431.2474385016,simulated
32_2,13.0,3932836.3400413613,simulated
32_2,14.0,4131210.6992126806,simulated
32_2,15.0,4323198.583787876,simulated
32_2,16.0,4507629.475299786,simulated
32_2,17.0,4683539.941365389,simulated
32_2,18.0,4850184.326745259,simulated
32_2,19.0,5007034.877166418,simulated
32_2,20.0,5153772.688631401,simulated
32_2,21.0,5290271.333397054,simulated
32_2,22.0,5416575.254414012,simulated
32_2,23.0,5532874.986780362,simulated
32_2,24.0,5639481.085604745,simulated
32_2,25.0,5736798.318012105,simulated
32_2,26.0,5825301.3140881285,simulated
32_2,27.0,5905512.502591954,simulated
32_2,28.0,5977982.829037936,simulated
32_2,29.0,6043275.432294354,simulated
32_2,30.0,6101952.32420054,simulated
32_2,31.0,6154563.857748332,simulated
32_2,32.0,6201640.743574749,simulated
32_2,33.0,6243688.287423272,simulated
32_2,34.0,6281182.515057035,simulated
32_2,35.0,6314567.855315921,simulated
32_2,36.0,6344256.069345513,simulated
32_2,37.0,6370626.154485562,simulated
32_2,38.0,6394024.983915839,simulated
32_2,39.0,6414768.480829242,simulated
32_2,40.0,6433143.162793803,simulated
32_2,41.0,6449407.922948607,simulated
32_2,42.0,6463795.943746942,simulated
32_2,43.0,6476516.663050259,simulated
32_3,0.5,1455964.4,observed
32_3,10.3359838,4973591.17,observed
32_3,13.0987037,7746280.72,observed
32_3,17.50799769,2850036.28,observed
32_3,21.38184028,6408749.72,observed
32_3,24.49759259,9512214.42,observed
32_3,28.32795139,3162879.72,observed
32_3,35.38190972,7025212.02,observed
32_3,39.56659722,1870018.45,observed
32_3,42.23164352,7150096.17,observed
32_3,42.23164352,7150096.17,observed
32_3,0.0,1455964.4,simulated
32_3,1.0,1933653.2232385653,simulated
32_3,2.0,2479097.331263416,simulated
32_3,3.0,3057451.0426730393,simulated
32_3,4.0,3624484.2954840898,simulated
32_3,5.0,4139281.716046565,simulated
32_3,6.0,4575041.927149686,simulated
32_3,7.0,4922558.762823666,simulated
32_3,8.0,5186762.836484665,simulated
32_3,9.0,5380417.036197236,simulated
32_3,10.0,5518589.323443014,simulated
32_3,11.0,5615292.273447799,simulated
32_3,12.0,5682062.057326414,simulated
32_3,13.0,5727734.35084691,simulated
32_3,14.0,5758775.612219041,simulated
32_3,15.0,5779780.977228854,simulated
32_3,16.0,5793953.181550811,simulated
32_3,17.0,5803496.031145194,simulated
32_3,18.0,5809913.076418405,simulated
32_3,19.0,5814224.289974927,simulated
32_3,20.0,5817118.9674674105,simulated
32_3,21.0,5819061.747978055,simulated
32_3,22.0,5820365.300115128,simulated
32_3,23.0,5821239.78699486,simulated
32_3,24.0,5821826.363512433,simulated
32_3,25.0,5822219.786790982,simulated
32_3,26.0,5822483.645658151,simulated
32_3,27.0,5822660.6027241545,simulated
32_3,28.0,5822779.275542763,simulated
32_3,29.0,5822858.859958505,simulated
32_3,30.0,5822912.23040344,simulated
32_3,31.0,5822948.020965327,simulated
32_3,32.0,5822972.022291668,simulated
32_3,33.0,5822988.117653481,simulated
32_3,34.0,5822998.911401402,simulated
32_3,35.0,5823006.149101652,simulated
32_3,36.0,5823011.002882229,simulated
32_3,37.0,5823014.258028922,simulated
32_3,38.0,5823016.440917855,simulated
32_3,39.0,5823017.904769552,simulated
32_3,40.0,5823018.886977686,simulated
32_3,41.0,5823019.54512098,simulated
32_3,42.0,5823019.98630677,simulated
32_3,43.0,5823020.282295918,simulated
32_4,0.5,1455964.4,observed
32_4,13.07920139,5497469.31,observed
32_4,17.50633102,4562619.72,observed
32_4,21.3828125,5092180.9,observed
32_4,24.49648148,9331396.68,observed
32_4,28.32892361,3499556.52,observed
32_4,35.3828588,7405583.64,observed
32_4,39.56752315,3524715.26,observed
32_4,42.23262731,4877222.9,observed
32_4,42.23262731,4877222.9,observed
32_4,0.0,1455964.4,simulated
32_4,1.0,1858622.8427259827,simulated
32_4,2.0,2307930.535854793,simulated
32_4,3.0,2781214.940766977,simulated
32_4,4.0,3250434.292139738,simulated
32_4,5.0,3688485.0816508615,simulated
32_4,6.0,4075078.1649216553,simulated
32_4,7.0,4399689.062784609,simulated
32_4,8.0,4661053.376429243,simulated
32_4,9.0,4864474.13401682,simulated
32_4,10.0,5018656.145205155,simulated
32_4,11.0,5133186.315170269,simulated
32_4,12.0,5216994.787790355,simulated
32_4,13.0,5277651.190120018,simulated
32_4,14.0,5321202.486751297,simulated
32_4,15.0,5352293.537039928,simulated
32_4,16.0,5374398.538285992,simulated
32_4,17.0,5390068.9356220625,simulated
32_4,18.0,5401154.858066105,simulated
32_4,19.0,5408986.060030288,simulated
32_4,20.0,5414512.382813442,simulated
32_4,21.0,5418409.354559626,simulated
32_4,22.0,5421155.951086923,simulated
32_4,23.0,5423091.058169041,simulated
32_4,24.0,5424454.084440876,simulated
32_4,25.0,5425413.982881711,simulated
32_4,26.0,5426089.896657742,simulated
32_4,27.0,5426565.799720354,simulated
32_4,28.0,5426900.856700734,simulated
32_4,29.0,5427136.741617743,simulated
32_4,30.0,5427302.802230526,simulated
32_4,31.0,5427419.704884698,simulated
32_4,32.0,5427502.000333986,simulated
32_4,33.0,5427559.932666074,simulated
32_4,34.0,5427600.7142199315,simulated
32_4,35.0,5427629.422276425,simulated
32_4,36.0,5427649.631204719,simulated
32_4,37.0,5427663.857271276,simulated
32_4,38.0,5427673.871069675,simulated
32_4,39.0,5427680.920349107,simulated
32_4,40.0,5427685.882789572,simulated
32_4,41.0,5427689.376051501,simulated
32_4,42.0,5427691.8349424945,simulated
32_4,43.0,5427693.566120588,simulated
32_5,0.5,1455964.4,observed
32_5,0.549780093,1326813.8,observed
32_5,13.08300926,3441586.89,observed
32_5,17.5046412,2493000.89,observed
32_5,21.38383102,5367950.64,observed
32_5,24.49486111,9548244.6,observed
32_5,28.33101852,2995645.03,observed
32_5,35.38416667,6111705.25,observed
32_5,39.56856481,3339206.64,observed
32_5,42.23376157,4207556.13,observed
32_5,42.23376157,4207556.13,observed
32_5,0.0,1455964.4,simulated
32_5,1.0,1632456.8123468668,simulated
32_5,2.0,1819069.7472543002,simulated
32_5,3.0,2013899.3294324793,simulated
32_5,4.0,2214635.124426874,simulated
32_5,5.0,2418657.8804451763,simulated
32_5,6.0,2623170.4668792523,simulated
32_5,7.0,2825348.880999066,simulated
32_5,8.0,3022496.327149051,simulated
32_5,9.0,3212182.834895827,simulated
32_5,10.0,3392355.5923821153,simulated
32_5,11.0,3561410.590641,simulated
32_5,12.0,3718222.529731777,simulated
32_5,13.0,3862136.1021374217,simulated
32_5,14.0,3992926.167555005,simulated
32_5,15.0,4110736.650396154,simulated
32_5,16.0,4216008.247010091,simulated
32_5,17.0,4309403.722466487,simulated
32_5,18.0,4391737.46586833,simulated
32_5,19.0,4463913.590710474,simulated
32_5,20.0,4526874.760124634,simulated
32_5,21.0,4581562.213113477,simulated
32_5,22.0,4628886.364576069,simulated
32_5,23.0,4669706.641087138,simulated
32_5,24.0,4704818.954270626,simulated
32_5,25.0,4734949.171713157,simulated
32_5,26.0,4760751.086195748,simulated
32_5,27.0,4782807.586992525,simulated
32_5,28.0,4801633.987467734,simulated
32_5,29.0,4817682.680674175,simulated
32_5,30.0,4831348.513100178,simulated
32_5,31.0,4842974.429111326,simulated
32_5,32.0,4852857.079126955,simulated
32_5,33.0,4861252.191183146,simulated
32_5,34.0,4868379.581309513,simulated
32_5,35.0,4874427.739182843,simulated
32_5,36.0,4879557.962532182,simulated
32_5,37.0,4883908.042237869,simulated
32_5,38.0,4887595.517240661,simulated
32_5,39.0,4890720.528309292,simulated
32_5,40.0,4893368.304802561,simulated
32_5,41.0,4895611.3215286955,simulated
32_5,42.0,4897511.162024663,simulated
32_5,43.0,4899120.122583766,simulated
38_1,0.5,1455964.4,observed
38_1,0.551354167,1094755.62,observed
38_1,17.5355787,1732093.44,observed
38_1,21.38571759,2856461.86,observed
38_1,24.50232639,4095992.16,observed
38_1,26.20584491,2058469.12,observed
38_1,28.3477662,2846320.08,observed
38_1,35.37832176,3660168.9,observed
38_1,39.61048611,2339172.72,observed
38_1,42.23484954,2866796.4,observed
38_1,42.23484954,2866796.4,observed
38_1,0.0,1455964.4,simulated
38_1,1.0,1528699.9976759653,simulated
38_1,2.0,1601377.3004361275,simulated
38_1,3.0,1673663.180157945,simulated
38_1,4.0,1745231.6530469353,simulated
38_1,5.0,1815769.6811399406,simulated
38_1,6.0,1884982.4820373375,simulated
38_1,7.0,1952598.1601847764,simulated
38_1,8.0,2018371.527117726,simulated
38_1,9.0,2082087.004896758,simulated
38_1,10.0,2143560.5808098395,simulated
38_1,11.0,2202640.8110447484,simulated
38_1,12.0,2259208.9218894634,simulated
38_1,13.0,2313178.1164383255,simulated
38_1,14.0,2364492.166418081,simulated
38_1,15.0,2413123.43864308,simulated
38_1,16.0,2459070.4848508835,simulated
38_1,17.0,2502355.333027465,simulated
38_1,18.0,2543020.604360215,simulated
38_1,19.0,2581126.561132494,simulated
38_1,20.0,2616748.191821658,simulated
38_1,21.0,2649972.4061900093,simulated
38_1,22.0,2680895.3996582692,simulated
38_1,23.0,2709620.2302576564,simulated
38_1,24.0,2736254.6347183287,simulated
38_1,25.0,2760909.097531309,simulated
38_1,26.0,2783695.175691646,simulated
38_1,27.0,2804724.0723910793,simulated
38_1,28.0,2824105.4476535777,simulated
38_1,29.0,2841946.4483491057,simulated
38_1,30.0,2858350.9379258463,simulated
38_1,31.0,2873418.9044985906,simulated
38_1,32.0,2887246.0254897173,simulated
38_1,33.0,2899923.3676394643,simulated
38_1,34.0,2911537.202191479,simulated
38_1,35.0,2922168.9165949933,simulated
38_1,36.0,2931895.0056862547,simulated
38_1,37.0,2940787.127158893,simulated
38_1,38.0,2948912.207950499,simulated
38_1,39.0,2956332.5899276733,simulated
38_1,40.0,2963106.2049129377,simulated
38_1,41.0,2969286.7706608037,simulated
38_1,42.0,2974924.0007284223,simulated
38_1,43.0,2980063.8224219372,simulated
38_2,0.5,1455964.4,observed
38_2,17.53715278,2337608.4,observed
38_2,21.38677083,3773894.28,observed
38_2,24.50621528,3978617.6,observed
38_2,26.20452546,2580398.23,observed
38_2,28.34886574,1660752.48,observed
38_2,35.37631944,5203838.88,observed
38_2,39.61197917,3351814.48,observed
38_2,42.23586806,5275018.71,observed
38_2,42.23586806,5275018.71,observed
38_2,0.0,1455964.4,simulated
38_2,1.0,1499416.9582481724,simulated
38_2,2.0,1544145.267418795,simulated
38_2,3.0,1590185.5098068323,simulated
38_2,4.0,1637574.81533684,simulated
38_2,5.0,1686351.2831156699,simulated
38_2,6.0,1736554.0017983636,simulated
38_2,7.0,1788223.0700104774,simulated
38_2,8.0,1841399.6168620652,simulated
38_2,9.0,1896125.822527717,simulated
38_2,10.0,1952444.9388542497,simulated
38_2,11.0,2010401.3099737857,simulated
38_2,12.0,2070040.3928877735,simulated
38_2,13.0,2131408.777988041,simulated
38_2,14.0,2194554.209477982,simulated
38_2,15.0,2259525.605654376,simulated
38_2,16.0,2326373.0790075674,simulated
38_2,17.0,2395147.95609486,simulated
38_2,18.0,2465902.797138926,simulated
38_2,19.0,2538691.415299907,simulated
38_2,20.0,2613568.89556658,simulated
38_2,21.0,2690591.6132085538,simulated
38_2,22.0,2769817.251727908,simulated
38_2,23.0,2851304.8202449516,simulated
38_2,24.0,2935114.670252813,simulated
38_2,25.0,3021308.5116620134,simulated
38_2,26.0,3109949.428036187,simulated
38_2,27.0,3201101.8910020576,simulated
38_2,28.0,3294831.7736937404,simulated
38_2,29.0,3391206.3631433304,simulated
38_2,30.0,3490294.3715384603,simulated
38_2,31.0,3592165.9462478543,simulated
38_2,32.0,3696892.678504628,simulated
38_2,33.0,3804547.610637258,simulated
38_2,34.0,3915205.241741482,simulated
38_2,35.0,4028941.531666832,simulated
38_2,36.0,4145833.9031973183,simulated
38_2,37.0,4265961.242294562,simulated
38_2,38.0,4389403.896271253,simulated
38_2,39.0,4516243.669754487,simulated
38_2,40.0,4646563.818294089,simulated
38_2,41.0,4780449.039466176,simulated
38_2,42.0,4917985.461317352,simulated
38_2,43.0,5059260.627989418,simulated
38_3,0.5,1455964.4,observed
38_3,17.53887731,2042942.02,observed
38_3,21.3878125,3676201.65,observed
38_3,26.20313657,6322589.51,observed
38_3,28.34993056,3786700.0,observed
38_3,35.37728009,4953566.07,observed
38_3,39.61333333,4402435.95,observed
38_3,42.23694444,4219043.12,observed
38_3,42.23694444,4219043.12,observed
38_3,0.0,1455964.4,simulated
38_3,1.0,1559686.0797373408,simulated
38_3,2.0,1667097.6855379194,simulated
38_3,3.0,1777830.3378885326,simulated
38_3,4.0,1891457.6274723462,simulated
38_3,5.0,2007500.7576985902,simulated
38_3,6.0,2125435.6009202087,simulated
38_3,7.0,2244701.5297181206,simulated
38_3,8.0,2364711.691234053,simulated
38_3,9.0,2484864.377343978,simulated
38_3,10.0,2604555.0179531244,simulated
38_3,11.0,2723188.303989132,simulated
38_3,12.0,2840189.899267188,simulated
38_3,13.0,2955017.293439098,simulated
38_3,14.0,3067169.3554844144,simulated
38_3,15.0,3176194.24810979,simulated
38_3,16.0,3281695.4889255855,simulated
38_3,17.0,3383336.042941041,simulated
38_3,18.0,3480840.447042456,simulated
38_3,19.0,3573995.0719930218,simulated
38_3,20.0,3662646.698864883,simulated
38_3,21.0,3746699.660257767,simulated
38_3,22.0,3826111.823497896,simulated
38_3,23.0,3900889.7113440293,simulated
38_3,24.0,3971083.047073331,simulated
38_3,25.0,4036778.991333876,simulated
38_3,26.0,4098096.30591467,simulated
38_3,27.0,4155179.6404255982,simulated
38_3,28.0,4208194.096945807,simulated
38_3,29.0,4257320.186976178,simulated
38_3,30.0,4302749.257548675,simulated
38_3,31.0,4344679.43031263,simulated
38_3,32.0,4383312.069782158,simulated
38_3,33.0,4418848.774912781,simulated
38_3,34.0,4451488.87152905,simulated
38_3,35.0,4481427.371387419,simulated
38_3,36.0,4508853.356134017,simulated
38_3,37.0,4533948.740381938,simulated
38_3,38.0,4556887.366852116,simulated
38_3,39.0,4577834.387316853,simulated
38_3,40.0,4596945.8853629865,simulated
38_3,41.0,4614368.700248964,simulated
38_3,42.0,4630240.414963732,simulated
38_3,43.0,4644689.475689935,simulated
38_4,0.5,1455964.4,observed
38_4,10.38152778,3617455.14,observed
38_4,17.54056713,1897463.5,observed
38_4,21.38881944,2604101.88,observed
38_4,28.35112269,2087900.55,observed
38_4,35.37328704,3277927.52,observed
38_4,39.61436343,2994936.72,observed
38_4,42.23797454,3206327.7,observed
38_4,42.23797454,3206327.7,observed
38_4,0.0,1455964.4,simulated
38_4,1.0,1838510.176602751,simulated
38_4,2.0,2166459.4381944924,simulated
38_4,3.0,2414607.3182302634,simulated
38_4,4.0,2585207.220761449,simulated
38_4,5.0,2694905.3393419306,simulated
38_4,6.0,2762438.957801791,simulated
38_4,7.0,2802906.6642177287,simulated
38_4,8.0,2826764.384447055,simulated
38_4,9.0,2840694.9363461635,simulated
38_4,10.0,2848783.3163787234,simulated
38_4,11.0,2853464.2535243873,simulated
38_4,12.0,2856168.090883231,simulated
38_4,13.0,2857728.1910823495,simulated
38_4,14.0,2858627.791793729,simulated
38_4,15.0,2859146.3394831913,simulated
38_4,16.0,2859445.17775957,simulated
38_4,17.0,2859617.3772613388,simulated
38_4,18.0,2859716.596591523,simulated
38_4,19.0,2859773.763327198,simulated
38_4,20.0,2859806.6999850636,simulated
38_4,21.0,2859825.6762347873,simulated
38_4,22.0,2859836.6092281607,simulated
38_4,23.0,2859842.9079989535,simulated
38_4,24.0,2859846.5369246453,simulated
38_4,25.0,2859848.6278130645,simulated
38_4,26.0,2859849.8324366147,simulated
38_4,27.0,2859850.526754878,simulated
38_4,28.0,2859850.926406547,simulated
38_4,29.0,2859851.1567962132,simulated
38_4,30.0,2859851.289380809,simulated
38_4,31.0,2859851.3657001327,simulated
38_4,32.0,2859851.409830964,simulated
38_4,33.0,2859851.435153667,simulated
38_4,34.0,2859851.4497416425,simulated
38_4,35.0,2859851.4582574023,simulated
38_4,36.0,2859851.463283086,simulated
38_4,37.0,2859851.466073096,simulated
38_4,38.0,2859851.4676786945,simulated
38_4,39.0,2859851.468557478,simulated
38_4,40.0,2859851.4690648234,simulated
38_4,41.0,2859851.4693683214,simulated
38_4,42.0,2859851.46954785,simulated
38_4,43.0,2859851.4696523263,simulated
38_5,0.5,1455964.4,observed
38_5,10.38322917,3325255.74,observed
38_5,17.5422338,1443131.22,observed
38_5,21.38988426,1665055.08,observed
38_5,26.19759259,3979654.54,observed
38_5,28.35215278,1693167.84,observed
38_5,35.37231481,2841534.0,observed
38_5,39.61584491,2109778.96,observed
38_5,42.23914352,2225046.8,observed
38_5,42.23914352,2225046.8,observed
38_5,0.0,1455964.4,simulated
38_5,1.0,1751133.703692207,simulated
38_5,2.0,1979033.2085666405,simulated
38_5,3.0,2137012.8255428523,simulated
38_5,4.0,2238515.6144955466,simulated
38_5,5.0,2300585.2271339125,simulated
38_5,6.0,2337399.972408616,simulated
38_5,7.0,2358841.319089412,simulated
38_5,8.0,2371196.7095050626,simulated
38_5,9.0,2378272.7329362077,simulated
38_5,10.0,2382310.953141675,simulated
38_5,11.0,2384610.8890405376,simulated
38_5,12.0,2385919.296130221,simulated
38_5,13.0,2386663.147860002,simulated
38_5,14.0,2387085.8831999996,simulated
38_5,15.0,2387326.0754615376,simulated
38_5,16.0,2387462.5331896967,simulated
38_5,17.0,2387540.051850628,simulated
38_5,18.0,2387584.0868766406,simulated
38_5,19.0,2387609.100694052,simulated
38_5,20.0,2387623.3094667126,simulated
38_5,21.0,2387631.380464606,simulated
38_5,22.0,2387635.9649403016,simulated
38_5,23.0,2387638.569194591,simulated
38_5,24.0,2387640.048445487,simulated
38_5,25.0,2387640.888791699,simulated
38_5,26.0,2387641.3661118685,simulated
38_5,27.0,2387641.637237404,simulated
38_5,28.0,2387641.7912444775,simulated
38_5,29.0,2387641.8788243528,simulated
38_5,30.0,2387641.9283816935,simulated
38_5,31.0,2387641.956577108,simulated
38_5,32.0,2387641.9725512406,simulated
38_5,33.0,2387641.98163415,simulated
38_5,34.0,2387641.98705192,simulated
38_5,35.0,2387641.9899198413,simulated
38_5,36.0,2387641.9916025684,simulated
38_5,37.0,2387641.9925029427,simulated
38_5,38.0,2387641.9930077377,simulated
38_5,39.0,2387641.9933070624,simulated
38_5,40.0,2387641.9934837404,simulated
38_5,41.0,2387641.9935855656,simulated
38_5,42.0,2387641.993644608,simulated
38_5,43.0,2387641.9936807584,simulated
5_1,0.5,1455964.4,observed
5_1,12.41739583,3446801.28,observed
5_1,17.37802083,10654312.32,observed
5_1,20.22828704,8517369.9,observed
5_1,24.44303241,20128148.04,observed
5_1,27.19680556,16055565.5,observed
5_1,34.51556713,17905080.0,observed
5_1,39.535625,19308370.51,observed
5_1,42.19630787,24714713.6,observed
5_1,42.19630787,24714713.6,observed
5_1,0.0,1455964.4,simulated
5_1,1.0,1646160.917595367,simulated
5_1,2.0,1859168.6532946955,simulated
5_1,3.0,2097171.29606627,simulated
5_1,4.0,2362414.228779984,simulated
5_1,5.0,2657163.69090541,simulated
5_1,6.0,2983653.930152489,simulated
5_1,7.0,3344021.5352787552,simulated
5_1,8.0,3740226.573080127,simulated
5_1,9.0,4173961.231115215,simulated
5_1,10.0,4646547.841897645,simulated
5_1,11.0,5158829.699197561,simulated
5_1,12.0,5711059.772258238,simulated
5_1,13.0,6302794.103793012,simulated
5_1,14.0,6932798.252391002,simulated
5_1,15.0,7598976.043148669,simulated
5_1,16.0,8298330.060903721,simulated
5_1,17.0,9026962.350589722,simulated
5_1,18.0,9780121.478116667,simulated
5_1,19.0,10552298.676609818,simulated
5_1,20.0,11337371.388625327,simulated
5_1,21.0,12128787.68305646,simulated
5_1,22.0,12919780.491582476,simulated
5_1,23.0,13703597.187181879,simulated
5_1,24.0,14473728.125871466,simulated
5_1,25.0,15224117.905532967,simulated
5_1,26.0,15949345.204290124,simulated
5_1,27.0,16644760.669175424,simulated
5_1,28.0,17306576.952857167,simulated
5_1,29.0,17931909.773339964,simulated
5_1,30.0,18518773.197197273,simulated
5_1,31.0,19066035.690569222,simulated
5_1,32.0,19573345.57159664,simulated
5_1,33.0,20041035.32970607,simulated
5_1,34.0,20470014.017513476,simulated
5_1,35.0,20861655.895602245,simulated
5_1,36.0,21217691.889976054,simulated
5_1,37.0,21540108.79696191,simulated
5_1,38.0,21831059.40425058,simulated
5_1,39.0,22092785.264072146,simulated
5_1,40.0,22327552.633954674,simulated
5_1,41.0,22537601.210141283,simulated
5_1,42.0,22725104.676594492,simulated
5_1,43.0,22892141.7319103,simulated
5_2,0.5,1455964.4,observed
5_2,12.42326389,4556606.64,observed
5_2,17.38081019,10851903.41,observed
5_2,20.23560185,8438419.2,observed
5_2,24.4419213,19147629.95,observed
5_2,27.19844907,15243208.95,observed
5_2,34.5199537,19582717.0,observed
5_2,39.53415509,23141812.0,observed
5_2,42.19719907,27761241.4,observed
5_2,42.19719907,27761241.4,observed
5_2,0.0,1455964.4,simulated
5_2,1.0,1630243.975755943,simulated
5_2,2.0,1824022.205625139,simulated
5_2,3.0,2039141.2286199515,simulated
5_2,4.0,2277533.760680632,simulated
5_2,5.0,2541205.959619072,simulated
5_2,6.0,2832213.7933937395,simulated
5_2,7.0,3152632.0314502344,simulated
5_2,8.0,3504515.0005635386,simulated
5_2,9.0,3889848.515143801,simulated
5_2,10.0,4310492.716266811,simulated
5_2,11.0,4768116.05432896,simulated
5_2,12.0,5264121.297005035,simulated
5_2,13.0,5799565.249521742,simulated
5_2,14.0,6375074.814381832,simulated
5_2,15.0,6990762.9935625475,simulated
5_2,16.0,7646149.410064552,simulated
5_2,17.0,8340090.755614202,simulated
5_2,18.0,9070726.996893957,simulated
5_2,19.0,9835449.32226629,simulated
5_2,20.0,10630895.209036557,simulated
5_2,21.0,11452974.809225278,simulated
5_2,22.0,12296930.994940666,simulated
5_2,23.0,13157433.013451511,simulated
5_2,24.0,14028700.979262058,simulated
5_2,25.0,14904655.700846013,simulated
5_2,26.0,15779085.951180588,simulated
5_2,27.0,16645823.561289994,simulated
5_2,28.0,17498915.967575278,simulated
5_2,29.0,18332786.04132028,simulated
5_2,30.0,19142370.35609605,simulated
5_2,31.0,19923229.090072546,simulated
5_2,32.0,20671623.387819573,simulated
5_2,33.0,21384558.760180786,simulated
5_2,34.0,22059795.700687546,simulated
5_2,35.0,22695830.847423766,simulated
5_2,36.0,23291853.560303386,simulated
5_2,37.0,23847683.654448092,simulated
5_2,38.0,24363696.26782502,simulated
5_2,39.0,24840739.530576445,simulated
5_2,40.0,25280050.099424135,simulated
5_2,41.0,25683170.611390702,simulated
5_2,42.0,26051872.221069667,simulated
5_2,43.0,26388084.360468827,simulated
5_3,0.5,1455964.4,observed
5_3,12.42693287,11237579.58,observed
5_3,17.38241898,9874844.94,observed
5_3,20.23811343,7906089.24,observed
5_3,24.44087963,14055064.85,observed
5_3,27.20008102,15126138.1,observed
5_3,34.5178125,20104738.72,observed
5_3,39.53666667,19359018.05,observed
5_3,42.19827546,25720028.4,observed
5_3,42.19827546,25720028.4,observed
5_3,0.0,1455964.4,simulated
5_3,1.0,1627705.6634707036,simulated
5_3,2.0,1818240.244430026,simulated
5_3,3.0,2029266.0554290684,simulated
5_3,4.0,2262547.7807231266,simulated
5_3,5.0,2519897.209381527,simulated
5_3,6.0,2803147.2722817203,simulated
5_3,7.0,3114119.10852471,simulated
5_3,8.0,3454581.579142816,simulated
5_3,9.0,3826202.9507120247,simulated
5_3,10.0,4230494.86271152,simulated
5_3,11.0,4668749.224110446,simulated
5_3,12.0,5141969.35207053,simulated
5_3,13.0,5650797.410369873,simulated
5_3,14.0,6195441.06354567,simulated
5_3,15.0,6775603.109331278,simulated
5_3,16.0,7390418.555356548,simulated
5_3,17.0,8038404.065396171,simulated
5_3,18.0,8717424.940013587,simulated
5_3,19.0,9424684.38751361,simulated
5_3,20.0,10156738.997602513,simulated
5_3,21.0,10909542.917089775,simulated
5_3,22.0,11678521.21652068,simulated
5_3,23.0,12458670.817772439,simulated
5_3,24.0,13244684.882879136,simulated
5_3,25.0,14031094.483420221,simulated
5_3,26.0,14812419.695948146,simulated
5_3,27.0,15583321.328423243,simulated
5_3,28.0,16338744.472324133,simulated
5_3,29.0,17074045.80405688,simulated
5_3,30.0,17785098.1747051,simulated
5_3,31.0,18468368.12161295,simulated
5_3,32.0,19120964.24705802,simulated
5_3,33.0,19740656.70977918,simulated
5_3,34.0,20325870.051765732,simulated
5_3,35.0,20875653.0993478,simulated
5_3,36.0,21389630.632418495,simulated
5_3,37.0,21867941.91718352,simulated
5_3,38.0,22311171.11396918,simulated
5_3,39.0,22720274.117184076,simulated
5_3,40.0,23096505.684569534,simulated
5_3,41.0,23441349.890805878,simulated
5_3,42.0,23756456.099198416,simulated
5_3,43.0,24043581.860743355,simulated
5_4,0.5,1455964.4,observed
5_4,10.2377662,4603029.13,observed
5_4,12.42570602,5683955.2,observed
5_4,17.38425926,9247678.23,observed
5_4,20.24050926,10509107.76,observed
5_4,24.43864583,22049307.79,observed
5_4,27.20175926,20973229.8,observed
5_4,34.51881944,22557313.2,observed
5_4,39.53760417,27463333.48,observed
5_4,42.19988426,27936796.16,observed
5_4,42.19988426,27936796.16,observed
5_4,0.0,1455964.4,simulated
5_4,1.0,1657804.193599681,simulated
5_4,2.0,1885734.7808894687,simulated
5_4,3.0,2142580.6050148173,simulated
5_4,4.0,2431315.429890893,simulated
5_4,5.0,2755023.287291272,simulated
5_4,6.0,3116843.565581278,simulated
5_4,7.0,3519897.967377327,simulated
5_4,8.0,3967197.5066295792,simulated
5_4,9.0,4461528.720459535,simulated
5_4,10.0,5005319.698210549,simulated
5_4,11.0,5600488.532472406,simulated
5_4,12.0,6248279.307036528,simulated
5_4,13.0,6949093.640113755,simulated
5_4,14.0,7702328.743839627,simulated
5_4,15.0,8506235.655332346,simulated
5_4,16.0,9357812.872185348,simulated
5_4,17.0,10252750.971300235,simulated
5_4,18.0,11185441.897171892,simulated
5_4,19.0,12149062.493045129,simulated
5_4,20.0,13135735.600765137,simulated
5_4,21.0,14136764.248246275,simulated
5_4,22.0,15142926.175263613,simulated
5_4,23.0,16144808.536452254,simulated
5_4,24.0,17133157.46852603,simulated
5_4,25.0,18099215.2593291,simulated
5_4,26.0,19035019.454376034,simulated
5_4,27.0,19933643.185472216,simulated
5_4,28.0,20789363.232851602,simulated
5_4,29.0,21597750.58440891,simulated
5_4,30.0,22355686.154367834,simulated
5_4,31.0,23061310.764686007,simulated
5_4,32.0,23713922.805256367,simulated
5_4,33.0,24313839.01537031,simulated
5_4,34.0,24862233.793865364,simulated
5_4,35.0,25360970.833832372,simulated
5_4,36.0,25812438.310897667,simulated
5_4,37.0,26219395.9870193,simulated
5_4,38.0,26584839.46063048,simulated
5_4,39.0,26911884.526621867,simulated
5_4,40.0,27203672.278599497,simulated
5_4,41.0,27463294.30802415,simulated
5_4,42.0,27693736.24914013,simulated
5_4,43.0,27897837.371834118,simulated
5_5,0.5,1455964.4,observed
5_5,0.507523148,1165677.5,observed
5_5,10.2390162,9154889.93,observed
5_5,12.48357639,9466897.07,observed
5_5,17.38603009,9622844.0,observed
5_5,20.24269676,7322994.63,observed
5_5,24.43755787,19658352.56,observed
5_5,27.20335648,16824623.76,observed
5_5,34.52150463,20938300.24,observed
5_5,39.53865741,16081343.85,observed
5_5,42.20087963,26453084.88,observed
5_5,42.20087963,26453084.88,observed
5_5,0.0,1455964.4,simulated
5_5,1.0,1655498.5742771789,simulated
5_5,2.0,1880128.7047729478,simulated
5_5,3.0,2132369.6534131,simulated
5_5,4.0,2414808.628715073,simulated
5_5,5.0,2730052.816406495,simulated
5_5,6.0,3080661.117803471,simulated
5_5,7.0,3469058.8775470364,simulated
5_5,8.0,3897435.351237961,simulated
5_5,9.0,4367625.1455743695,simulated
5_5,10.0,4880976.739036092,simulated
5_5,11.0,5438213.428779058,simulated
5_5,12.0,6039294.531826732,simulated
5_5,13.0,6683287.080684039,simulated
5_5,14.0,7368260.136220936,simulated
5_5,15.0,8091214.662717368,simulated
5_5,16.0,8848061.621124452,simulated
5_5,17.0,9633657.999061495,simulated
5_5,18.0,10441906.754219886,simulated
5_5,19.0,11265920.38684214,simulated
5_5,20.0,12098241.139761247,simulated
5_5,21.0,12931104.11188537,simulated
5_5,22.0,13756724.19142896,simulated
5_5,23.0,14567584.58195407,simulated
5_5,24.0,15356704.456431147,simulated
5_5,25.0,16117866.065821238,simulated
5_5,26.0,16845786.727096643,simulated
5_5,27.0,17536227.7375792,simulated
5_5,28.0,18186039.099233653,simulated
5_5,29.0,18793145.047991756,simulated
5_5,30.0,19356479.93713643,simulated
5_5,31.0,19875886.695902195,simulated
5_5,32.0,20351990.898020595,simulated
5_5,33.0,20786062.762426,simulated
5_5,34.0,21179877.607873537,simulated
5_5,35.0,21535582.945014466,simulated
5_5,36.0,21855577.900955155,simulated
5_5,37.0,22142408.352766905,simulated
5_5,38.0,22398679.240204435,simulated
5_5,39.0,22626984.010386404,simulated
5_5,40.0,22829850.135398317,simulated
5_5,41.0,23009698.999540206,simulated
5_5,42.0,23168818.137360446,simulated
5_5,43.0,23309343.72936298,simulated
8_1,0.5,1455964.4,observed
8_1,0.510231481,1183266.99,observed
8_1,7.331238426,4483108.98,observed
8_1,10.27047454,6814308.44,observed
8_1,12.45892361,8187173.07,observed
8_1,17.45333333,12312735.84,observed
8_1,20.26434028,16477608.18,observed
8_1,24.44506944,24280996.0,observed
8_1,27.21738426,16651709.23,observed
8_1,34.52871528,22153673.52,observed
8_1,39.53975694,16275556.94,observed
8_1,42.20244213,23429663.18,observed
8_1,42.20244213,23429663.18,observed
8_1,0.0,1455964.4,simulated
8_1,1.0,1725700.1566394551,simulated
8_1,2.0,2040387.0397420663,simulated
8_1,3.0,2405569.1217647,simulated
8_1,4.0,2826743.1434022295,simulated
8_1,5.0,3309052.530706019,simulated
8_1,6.0,3856894.71868449,simulated
8_1,7.0,4473451.148146732,simulated
8_1,8.0,5160167.093656771,simulated
8_1,9.0,5916229.740232227,simulated
8_1,10.0,6738114.054065564,simulated
8_1,11.0,7619280.461291633,simulated
8_1,12.0,8550108.65531046,simulated
8_1,13.0,9518131.459493587,simulated
8_1,14.0,10508591.046783036,simulated
8_1,15.0,11505282.364706492,simulated
8_1,16.0,12491589.550253961,simulated
8_1,17.0,13451579.12542479,simulated
8_1,18.0,14370999.452968666,simulated
8_1,19.0,15238058.740495255,simulated
8_1,20.0,16043901.14303194,simulated
8_1,21.0,16782761.233326122,simulated
8_1,22.0,17451831.231042452,simulated
8_1,23.0,18050912.32808119,simulated
8_1,24.0,18581936.010693327,simulated
8_1,25.0,19048436.814792316,simulated
8_1,26.0,19455041.06063911,simulated
8_1,27.0,19807014.512278248,simulated
8_1,28.0,20109891.164110243,simulated
8_1,29.0,20369188.964593317,simulated
8_1,30.0,20590207.223330416,simulated
8_1,31.0,20777894.25374145,simulated
8_1,32.0,20936771.452637035,simulated
8_1,33.0,21070900.0703581,simulated
8_1,34.0,21183878.499189418,simulated
8_1,35.0,21278860.020328194,simulated
8_1,36.0,21358583.161163047,simulated
8_1,37.0,21425408.855537888,simulated
8_1,38.0,21481360.278888907,simulated
8_1,39.0,21528162.590909228,simulated
8_1,40.0,21567280.825080127,simulated
8_1,41.0,21599954.910600394,simulated
8_1,42.0,21627231.325947884,simulated
8_1,43.0,21649991.233607687,simulated
8_2,0.5,1455964.4,observed
8_2,3.402465278,2696753.28,observed
8_2,7.332824074,5473230.75,observed
8_2,10.26912037,8643971.7,observed
8_2,12.45783565,14490607.5,observed
8_2,17.45511574,14080041.79,observed
8_2,20.26637731,16389339.06,observed
8_2,24.44615741,27626274.94,observed
8_2,27.21920139,18088822.4,observed
8_2,34.52695602,24023119.05,observed
8_2,39.54085648,14722975.0,observed
8_2,42.20434028,26324898.48,observed
8_2,42.20434028,26324898.48,observed
8_2,0.0,1455964.4,simulated
8_2,1.0,1774694.8312937028,simulated
8_2,2.0,2156158.2235261207,simulated
8_2,3.0,2609449.724321897,simulated
8_2,4.0,3143541.091172825,simulated
8_2,5.0,3766576.7603433286,simulated
8_2,6.0,4484951.368463342,simulated
8_2,7.0,5302212.274967388,simulated
8_2,8.0,6217897.010097943,simulated
8_2,9.0,7226489.411386733,simulated
8_2,10.0,8316735.44314315,simulated
8_2,11.0,9471566.397522623,simulated
8_2,12.0,10668805.179681873,simulated
8_2,13.0,11882676.687981617,simulated
8_2,14.0,13085941.969335303,simulated
8_2,15.0,14252298.943444874,simulated
8_2,16.0,15358611.709035838,simulated
8_2,17.0,16386582.694006694,simulated
8_2,18.0,17323643.090058308,simulated
8_2,19.0,18163039.641933493,simulated
8_2,20.0,18903265.503675323,simulated
8_2,21.0,19547074.371955033,simulated
8_2,22.0,20100325.986121286,simulated
8_2,23.0,20570862.014642216,simulated
8_2,24.0,20967538.741152924,simulated
8_2,25.0,21299473.338200346,simulated
8_2,26.0,21575509.26781276,simulated
8_2,27.0,21803874.43436904,simulated
8_2,28.0,21991993.52235936,simulated
8_2,29.0,22146412.9923954,simulated
8_2,30.0,22272802.72034607,simulated
8_2,31.0,22376005.266896117,simulated
8_2,32.0,22460111.251086034,simulated
8_2,33.0,22528546.04677199,simulated
8_2,34.0,22584158.03777218,simulated
8_2,35.0,22629302.6482913,simulated
8_2,36.0,22665918.977829225,simulated
8_2,37.0,22695597.666926555,simulated
8_2,38.0,22719639.759811193,simulated
8_2,39.0,22739106.96192445,simulated
8_2,40.0,22754864.04508546,simulated
8_2,41.0,22767614.315763135,simulated
8_2,42.0,22777929.0692004,simulated
8_2,43.0,22786271.912049428,simulated
8_3,0.5,1455964.4,observed
8_3,7.334375,3395140.02,observed
8_3,10.26741898,6417032.2,observed
8_3,12.45667824,8824690.72,observed
8_3,17.45680556,11328779.99,observed
8_3,20.26847222,14233822.05,observed
8_3,24.44716435,20980194.65,observed
8_3,27.22105324,15853603.01,observed
8_3,34.52564815,20186436.0,observed
8_3,39.54186343,18011618.33,observed
8_3,42.20864583,27914231.59,observed
8_3,42.20864583,27914231.59,observed
8_3,0.0,1455964.4,simulated
8_3,1.0,1677177.784007344,simulated
8_3,2.0,1929193.6900902302,simulated
8_3,3.0,2215410.047216264,simulated
8_3,4.0,2539322.766557104,simulated
8_3,5.0,2904435.6135336147,simulated
8_3,6.0,3314140.9938925337,simulated
8_3,7.0,3771569.83949398,simulated
8_3,8.0,4279411.198391652,simulated
8_3,9.0,4839705.670908205,simulated
8_3,10.0,5453621.436380373,simulated
8_3,11.0,6121226.744267137,simulated
8_3,12.0,6841278.180461166,simulated
8_3,13.0,7611048.210272639,simulated
8_3,14.0,8426217.670865651,simulated
8_3,15.0,9280857.246583106,simulated
8_3,16.0,10167516.364241593,simulated
8_3,17.0,11077427.514675641,simulated
8_3,18.0,12000820.39500966,simulated
8_3,19.0,12927325.38934813,simulated
8_3,20.0,13846432.67494219,simulated
8_3,21.0,14747964.558247048,simulated
8_3,22.0,15622516.612630136,simulated
8_3,23.0,16461828.001192763,simulated
8_3,24.0,17259052.33105313,simulated
8_3,25.0,18008914.594316,simulated
8_3,26.0,18707754.488294393,simulated
8_3,27.0,19353468.84823135,simulated
8_3,28.0,19945374.458061732,simulated
8_3,29.0,20484016.485529754,simulated
8_3,30.0,20970947.661230396,simulated
8_3,31.0,21408500.18239384,simulated
8_3,32.0,21799567.47380057,simulated
8_3,33.0,22147407.561350536,simulated
8_3,34.0,22455474.772844706,simulated
8_3,35.0,22727282.35387844,simulated
8_3,36.0,22966295.477615118,simulated
8_3,37.0,23175852.117445167,simulated
8_3,38.0,23359108.120334342,simulated
8_3,39.0,23519002.378785886,simulated
8_3,40.0,23658238.040995624,simulated
8_3,41.0,23779276.028075583,simulated
8_3,42.0,23884337.61918992,simulated
8_3,43.0,23975413.404768646,simulated
8_4,0.5,1455964.4,observed
8_4,10.26549769,6546804.08,observed
8_4,12.45559028,7554000.96,observed
8_4,17.45846065,11498338.53,observed
8_4,20.27033565,14874556.9,observed
8_4,24.44876157,25111499.19,observed
8_4,27.22271991,15545092.38,observed
8_4,34.52394676,20153560.62,observed
8_4,39.54287037,14861501.98,observed
8_4,42.20751157,24192046.5,observed
8_4,42.20751157,24192046.5,observed
8_4,0.0,1455964.4,simulated
8_4,1.0,1713399.0125739584,simulated
8_4,2.0,2011771.7203378528,simulated
8_4,3.0,2355901.190982013,simulated
8_4,4.0,2750567.122464821,simulated
8_4,5.0,3200267.2678902415,simulated
8_4,6.0,3708907.894060689,simulated
8_4,7.0,4279433.732185805,simulated
8_4,8.0,4913415.848546261,simulated
8_4,9.0,5610630.64616839,simulated
8_4,10.0,6368678.480873255,simulated
8_4,11.0,7182702.076230721,simulated
8_4,12.0,8045268.220466463,simulated
8_4,13.0,8946466.404278675,simulated
8_4,14.0,9874253.359973254,simulated
8_4,15.0,10815035.076743828,simulated
8_4,16.0,11754435.15564174,simulated
8_4,17.0,12678161.10289863,simulated
8_4,18.0,13572860.130607318,simulated
8_4,19.0,14426857.755075263,simulated
8_4,20.0,15230697.14966316,simulated
8_4,21.0,15977436.15735624,simulated
8_4,22.0,16662701.351831168,simulated
8_4,23.0,17284533.956020992,simulated
8_4,24.0,17843084.152166042,simulated
8_4,25.0,18340217.89990331,simulated
8_4,26.0,18779094.25365097,simulated
8_4,27.0,19163759.198711872,simulated
8_4,28.0,19498786.16284756,simulated
8_4,29.0,19788978.98182885,simulated
8_4,30.0,20039141.599815924,simulated
8_4,31.0,20253910.866961204,simulated
8_4,32.0,20437644.24846812,simulated
8_4,33.0,20594352.378118135,simulated
8_4,34.0,20727666.241020095,simulated
8_4,35.0,20840829.746704724,simulated
8_4,36.0,20936709.881436758,simulated
8_4,37.0,21017818.21401674,simulated
8_4,38.0,21086339.016024582,simulated
8_4,39.0,21144160.53124228,simulated
8_4,40.0,21192906.985539388,simulated
8_4,41.0,21233969.732062392,simulated
8_4,42.0,21268536.540796295,simulated
8_4,43.0,21297618.479345903,simulated
8_5,0.5,1455964.4,observed
8_5,0.51224537,1392265.44,observed
8_5,7.337013889,3547529.52,observed
8_5,10.26298611,17976030.8,observed
8_5,12.4540162,8848102.4,observed
8_5,17.46045139,12306889.98,observed
8_5,20.27185185,14476337.59,observed
8_5,24.45032407,22986141.48,observed
8_5,27.22447917,15656184.5,observed
8_5,34.52292824,18173269.4,observed
8_5,39.54416667,17558732.8,observed
8_5,42.21063657,22863779.25,observed
8_5,42.21063657,22863779.25,observed
8_5,0.0,1455964.4,simulated
8_5,1.0,1787186.2031758772,simulated
8_5,2.0,2184727.273319699,simulated
8_5,3.0,2657565.7720362335,simulated
8_5,4.0,3213944.606790163,simulated
8_5,5.0,3860394.51897202,simulated
8_5,6.0,4600549.794170776,simulated
8_5,7.0,5433881.5372810755,simulated
8_5,8.0,6354565.700795242,simulated
8_5,9.0,7350774.077365761,simulated
8_5,10.0,8404680.740498604,simulated
8_5,11.0,9493376.104625551,simulated
8_5,12.0,10590676.30506694,simulated
8_5,13.0,11669563.382960673,simulated
8_5,14.0,12704792.524573954,simulated
8_5,15.0,13675147.201746786,simulated
8_5,16.0,14564938.577577075,simulated
8_5,17.0,15364576.49998241,simulated
8_5,18.0,16070284.253110774,simulated
8_5,19.0,16683199.236103581,simulated
8_5,20.0,17208161.096308824,simulated
8_5,21.0,17652454.768356577,simulated
8_5,22.0,18024692.296374746,simulated
8_5,23.0,18333926.24077418,simulated
8_5,24.0,18589015.56056058,simulated
8_5,25.0,18798219.62552927,simulated
8_5,26.0,18968974.927379414,simulated
8_5,27.0,19107805.431589134,simulated
8_5,28.0,19220322.474436764,simulated
8_5,29.0,19311279.270889103,simulated
8_5,30.0,19384654.4469612,simulated
8_5,31.0,19443747.26421264,simulated
8_5,32.0,19491273.50400265,simulated
8_5,33.0,19529455.641817305,simulated
8_5,34.0,19560104.04114689,simulated
8_5,35.0,19584687.949397817,simulated
8_5,36.0,19604396.279525895,simulated
8_5,37.0,19620188.855588958,simulated
8_5,38.0,19632839.109642774,simulated
8_5,39.0,19642969.351516664,simulated
8_5,40.0,19651079.703939557,simulated
8_5,41.0,19657571.712263282,simulated
8_5,42.0,19662767.529930875,simulated
8_5,43.0,19666925.459203884,simulated
